Domain,Status,Attractiveness,Demand,Length,Sectors,Created,Expires,Registrar
one.enterprises,resell,132,44%,3,"Business,General,Media,Technology",13/10/2023 17:01,13/10/2025 17:01,Porkbun LLC
brief.enterprises,available,124,19%,5,"Business,Education,General,Law",,,
second.enterprises,available,120,23%,6,"General,Mathematics",,,
complete.enterprises,available,120,21%,8,"Manufacturing,Retail,Technology",,,
equal.enterprises,available,116,19%,5,"Education,General,Law",,,
flat.enterprises,available,116,24%,4,"Construction,Real Estate",,,
tenth.enterprises,available,116,7%,5,Mathematics,,,
tonic.enterprises,available,114,22%,5,"Health and Fitness,Medicine,Science",,,
acute.enterprises,available,112,9%,5,"Mathematics,Medicine,Science",,,
hotshot.enterprises,available,112,14%,7,"Business,Entertainment,Sports",,,
abstract.enterprises,available,108,29%,8,"Arts,Humanities,Science",,,
abiding.enterprises,available,106,5%,7,"General,Religion",,,
teen.enterprises,available,104,14%,4,"Education,Entertainment,Healthcare",,,
active.enterprises,available,104,27%,6,"Health and Fitness,Sports,Travel",,,
expert.enterprises,resell,104,26%,6,"Business,Education,Technology",02/02/2025 17:13,02/02/2026 17:13,"Sav.com, LLC"
absent.enterprises,available,102,8%,6,"Business,Education,Technology",,,
eight.enterprises,available,102,23%,5,"General,Mathematics",,,
extra.enterprises,available,102,26%,5,"Fashion,Retail,Technology",,,
captive.enterprises,available,102,14%,7,"Entertainment,Hospitality,Technology",,,
adjunct.enterprises,available,100,5%,7,Education,,,
third.enterprises,available,100,16%,5,Mathematics,,,
ninth.enterprises,available,100,9%,5,Mathematics,,,
whiz.enterprises,available,100,12%,4,"Business,Education,Technology",,,
sixth.enterprises,available,100,8%,5,Mathematics,,,
abrupt.enterprises,available,100,3%,6,"Medicine,Science",,,
eighth.enterprises,available,100,6%,6,Mathematics,,,
remove.enterprises,available,100,13%,6,"Construction,Manufacturing,Technology",,,
crack.enterprises,available,100,20%,5,Sports,,,
whizz.enterprises,available,98,11%,5,"Business,Education,Technology",,,
doable.enterprises,available,96,9%,6,"Business,Education,Technology",,,
actual.enterprises,available,96,22%,6,"Real Estate,Retail,Technology",,,
academic.enterprises,available,96,20%,8,"Education,Humanities,Science",,,
forgiving.enterprises,available,96,3%,9,"Healthcare,Religion",,,
virtuoso.enterprises,available,94,16%,8,"Arts,Entertainment",,,
about.enterprises,available,94,28%,5,"Business,General,Media,Technology",,,
around.enterprises,available,94,22%,6,"Business,General,Media,Technology",,,
abject.enterprises,available,94,7%,6,Humanities,,,
adequate.enterprises,available,94,9%,8,"Education,Healthcare,Technology",,,
exemplary.enterprises,available,92,5%,9,"Business,Education,Healthcare",,,
abroad.enterprises,available,92,12%,6,"Hospitality,Travel",,,
adjective.enterprises,available,92,5%,9,Education,,,
next.enterprises,available,92,43%,4,"Retail,Technology,Transportation",,,
nought.enterprises,available,92,4%,6,Mathematics,,,
twentieth.enterprises,available,92,3%,9,Mathematics,,,
neutral.enterprises,resell,92,20%,7,"Business,Media,Politics",24/03/2014 06:45,24/03/2026 06:45,"NameCheap, Inc."
derelict.enterprises,available,92,7%,8,"Construction,Real Estate",,,
gripping.enterprises,available,90,3%,8,"Entertainment,Media,Technology",,,
riveting.enterprises,available,90,6%,8,"Entertainment,Media,Technology",,,
endearing.enterprises,available,90,1%,9,"Entertainment,Fashion,Retail",,,
additional.enterprises,available,90,8%,10,"Fashion,Retail,Technology",,,
adoring.enterprises,available,90,2%,7,"Entertainment,Fashion,Retail",,,
abortive.enterprises,available,90,1%,8,"Medicine,Science",,,
leash.enterprises,available,90,7%,5,"General,Health and Fitness,Retail",,,
addictive.enterprises,available,90,9%,9,Healthcare,,,
proficient.enterprises,available,88,8%,10,"Education,Health and Fitness,Sports",,,
actionable.enterprises,available,88,13%,10,"Business,Law",,,
three.enterprises,available,88,24%,5,Mathematics,,,
ace.enterprises,available,88,34%,3,Sports,,,
wide.enterprises,available,88,18%,4,"Business,Media,Technology",,,
adlib.enterprises,available,88,7%,6,Entertainment,,,
fifteen.enterprises,available,88,13%,7,Mathematics,,,
ten.enterprises,available,88,28%,3,"General,Mathematics",,,
hundred.enterprises,available,88,14%,7,Mathematics,,,
activist.enterprises,available,88,12%,8,"Humanities,Politics",,,
twelve.enterprises,available,88,18%,6,"General,Mathematics",,,
sixteen.enterprises,available,88,11%,7,Mathematics,,,
intent.enterprises,available,86,25%,6,"Business,Education,Technology",,,
attendant.enterprises,available,86,5%,9,"Healthcare,Hospitality,Transportation",,,
engrossing.enterprises,available,86,0%,10,"Entertainment,Media,Technology",,,
xix.enterprises,available,86,11%,3,Mathematics,,,
adolescent.enterprises,available,86,3%,10,"Education,Entertainment,Healthcare",,,
aboriginal.enterprises,available,86,10%,10,Humanities,,,
recondite.enterprises,available,86,4%,9,"Arts,Humanities,Science",,,
xiv.enterprises,available,86,12%,3,Mathematics,,,
cipher.enterprises,available,86,29%,6,Mathematics,,,
extempore.enterprises,available,86,3%,9,Entertainment,,,
twentyone.enterprises,available,84,13%,10,Mathematics,,,
sharp.enterprises,expired,84,34%,5,"Arts,Fashion",03/06/2024 17:08,03/06/2025 17:08,"Spaceship, Inc."
acting.enterprises,available,84,12%,6,Entertainment,,,
seventeen.enterprises,available,84,7%,9,Mathematics,,,
accessory.enterprises,available,84,8%,9,"Fashion,Retail,Technology",,,
fourteen.enterprises,available,84,8%,8,Mathematics,,,
nineteen.enterprises,available,84,8%,8,Mathematics,,,
deviate.enterprises,available,84,12%,7,"Medicine,Science",,,
adjustable.enterprises,available,84,3%,10,"Manufacturing,Retail,Technology",,,
thousand.enterprises,available,84,8%,8,Mathematics,,,
twentytwo.enterprises,available,84,11%,10,Mathematics,,,
abroach.enterprises,available,82,1%,7,Food and Beverage,,,
abkhaz.enterprises,available,82,1%,6,Geography,,,
altered.enterprises,available,82,9%,7,"Medicine,Science",,,
absorbent.enterprises,available,82,3%,9,"Healthcare,Manufacturing,Retail",,,
enduring.enterprises,available,82,9%,8,"Health and Fitness,Religion",,,
cleansing.enterprises,available,82,3%,9,Health and Fitness,,,
abenaki.enterprises,available,82,2%,7,Geography,,,
dozen.enterprises,available,82,10%,5,Mathematics,,,
abdominal.enterprises,available,82,1%,9,"Health and Fitness,Medicine",,,
fivesome.enterprises,available,82,1%,8,Sports,,,
decade.enterprises,available,82,10%,6,Mathematics,,,
impromptu.enterprises,available,82,16%,9,Entertainment,,,
two.enterprises,available,80,24%,3,Mathematics,,,
yard.enterprises,available,80,26%,4,"Construction,General",,,
abundant.enterprises,available,80,19%,8,"Agriculture,Manufacturing,Retail",,,
adoptable.enterprises,available,80,3%,9,"Education,Healthcare",,,
capable.enterprises,available,80,12%,7,"Business,Education,Technology",,,
some.enterprises,available,80,32%,4,"Business,Media,Retail",,,
absorbable.enterprises,available,80,0%,10,"Healthcare,Pharmaceuticals,Science",,,
seventh.enterprises,available,80,10%,7,Mathematics,,,
forty.enterprises,available,80,9%,5,Mathematics,,,
nine.enterprises,available,80,24%,4,"General,Mathematics",,,
worshipful.enterprises,available,80,1%,10,"Education,Healthcare,Religion",,,
absolute.enterprises,available,80,25%,8,"Engineering,Mathematics,Science",,,
sequent.enterprises,available,80,7%,7,"Healthcare,Insurance,Transportation",,,
trio.enterprises,available,80,21%,4,Entertainment,,,
twenty.enterprises,available,80,12%,6,Mathematics,,,
dorsal.enterprises,available,80,6%,6,"Medicine,Science",,,
wiz.enterprises,available,80,30%,3,"Business,Education,Technology",,,
accessible.enterprises,available,78,21%,10,"Healthcare,Retail,Technology",,,
adrenal.enterprises,available,78,4%,7,"Education,Healthcare,Science",,,
abounding.enterprises,available,78,2%,9,Agriculture,,,
recognised.enterprises,available,78,3%,10,"Business,Education,Technology",,,
accurate.enterprises,available,78,16%,8,"Engineering,Mathematics,Science",,,
recognized.enterprises,available,78,3%,10,"Business,Education,Technology",,,
accidental.enterprises,available,78,11%,10,"Healthcare,Insurance,Transportation",,,
low.enterprises,available,78,20%,3,"Business,Finance",,,
abkhazian.enterprises,available,78,1%,9,Geography,,,
absorptive.enterprises,available,78,1%,10,"Healthcare,Manufacturing,Retail",,,
sixtynine.enterprises,available,78,8%,10,Mathematics,,,
adorable.enterprises,available,78,8%,8,"Entertainment,Fashion,Retail",,,
acceptant.enterprises,available,78,1%,9,"Education,Healthcare",,,
accepted.enterprises,available,78,6%,8,"Business,Education,Technology",,,
twentysix.enterprises,available,78,8%,10,Mathematics,,,
honestly.enterprises,available,78,9%,8,"Business,Law",,,
acceptable.enterprises,available,78,5%,10,"Business,Hospitality,Retail",,,
abkhasian.enterprises,available,78,1%,9,Geography,,,
dormant.enterprises,available,78,4%,7,"Medicine,Science",,,
energizing.enterprises,available,76,3%,10,"Food and Beverage,Health and Fitness,Travel",,,
ague.enterprises,available,76,2%,4,"Geography,Medicine,Science",,,
incidental.enterprises,available,76,4%,10,"Healthcare,Insurance,Transportation",,,
adaptable.enterprises,available,76,9%,9,"Business,Education,Technology",,,
fifteenth.enterprises,available,76,2%,9,Mathematics,,,
adhesive.enterprises,available,76,7%,8,"Construction,Manufacturing,Technology",,,
nineteenth.enterprises,available,76,3%,10,Mathematics,,,
hundredth.enterprises,available,76,1%,9,Mathematics,,,
thousandth.enterprises,available,76,1%,10,Mathematics,,,
ventral.enterprises,available,76,3%,7,Science,,,
addable.enterprises,available,76,2%,7,"Engineering,Mathematics,Science",,,
auxiliary.enterprises,available,76,7%,9,"Healthcare,Manufacturing,Technology",,,
adherent.enterprises,available,76,4%,8,"Politics,Religion",,,
fourteenth.enterprises,available,76,1%,10,Mathematics,,,
thirteenth.enterprises,available,76,4%,10,Mathematics,,,
acoustic.enterprises,available,76,14%,8,Science,,,
eighteen.enterprises,available,76,7%,8,Mathematics,,,
resultant.enterprises,available,76,2%,9,"Healthcare,Insurance,Transportation",,,
abrasive.enterprises,available,76,6%,8,"Construction,Manufacturing",,,
obscene.enterprises,available,76,5%,7,"Entertainment,Media",,,
improvise.enterprises,available,76,4%,9,Entertainment,,,
firstrate.enterprises,available,76,6%,10,Business,,,
threed.enterprises,available,76,7%,7,Technology,,,
adipose.enterprises,available,76,2%,7,"Healthcare,Science",,,
manageable.enterprises,available,74,4%,10,"Business,Education,Technology",,,
admirable.enterprises,available,74,5%,9,"Business,Education,Healthcare",,,
adapted.enterprises,available,74,6%,7,"Healthcare,Manufacturing,Technology",,,
accepting.enterprises,available,74,3%,9,"Education,Healthcare",,,
aberrant.enterprises,available,74,6%,8,"Medicine,Science",,,
sensation.enterprises,available,74,7%,9,"Entertainment,Media,Sports",,,
abnormal.enterprises,available,74,16%,8,"Medicine,Science",,,
cleared.enterprises,available,74,7%,7,"Healthcare,Law,Transportation",,,
acuate.enterprises,available,74,2%,6,"Engineering,Medicine,Science",,,
supra.enterprises,available,74,25%,5,"Medicine,Science",,,
adrenergic.enterprises,available,74,1%,10,"Education,Healthcare,Science",,,
achievable.enterprises,available,74,4%,10,"Business,Education,Technology",,,
broad.enterprises,available,74,13%,5,"Entertainment,General,Media",,,
activated.enterprises,available,74,9%,9,"Healthcare,Manufacturing,Technology",,,
realizable.enterprises,available,74,1%,10,"Business,Education,Technology",,,
mavin.enterprises,available,74,7%,5,"Entertainment,Fashion,Technology",,,
skilful.enterprises,available,74,3%,7,"Education,Health and Fitness,Sports",,,
single.enterprises,available,74,19%,6,Sports,,,
playing.enterprises,available,74,12%,7,Entertainment,,,
adenoid.enterprises,available,74,1%,7,"Health and Fitness,Medicine,Science",,,
adaptative.enterprises,available,72,1%,10,"Business,Education,Technology",,,
ninetieth.enterprises,available,72,1%,9,Mathematics,,,
trinity.enterprises,available,72,18%,7,Religion,,,
addicted.enterprises,available,72,9%,8,Healthcare,,,
eightieth.enterprises,available,72,1%,9,Mathematics,,,
deep.enterprises,resell,72,41%,4,"Engineering,Mathematics,Science",11/11/2024 17:09,11/11/2025 17:09,"Sav.com, LLC"
lovely.enterprises,available,72,26%,6,"Entertainment,Fashion,Retail",,,
engrossed.enterprises,available,72,1%,9,"Entertainment,Media,Technology",,,
sixtieth.enterprises,available,72,1%,8,Mathematics,,,
seventieth.enterprises,available,72,1%,10,Mathematics,,,
ternary.enterprises,available,72,7%,7,Mathematics,,,
absolutist.enterprises,available,72,1%,10,"Humanities,Law,Politics",,,
abreast.enterprises,available,72,2%,7,"Business,Technology",,,
aching.enterprises,available,72,4%,6,Healthcare,,,
adonic.enterprises,available,72,2%,6,"Arts,Education,Entertainment",,,
ablaze.enterprises,available,72,6%,6,Entertainment,,,
adjectival.enterprises,available,72,1%,10,Education,,,
absorbed.enterprises,available,72,2%,8,"Entertainment,Media,Technology",,,
abloom.enterprises,available,72,5%,6,Agriculture,,,
existent.enterprises,available,72,3%,8,"Mathematics,Science",,,
improvize.enterprises,available,72,1%,9,Entertainment,,,
accusative.enterprises,available,72,0%,10,"Humanities,Law",,,
adjunctive.enterprises,available,72,1%,10,"Healthcare,Manufacturing,Technology",,,
adiabatic.enterprises,available,72,3%,9,"Engineering,Science",,,
trey.enterprises,available,72,14%,4,Sports,,,
accustomed.enterprises,available,72,1%,10,"Business,Education,Humanities",,,
tiptop.enterprises,available,70,24%,6,Fashion,,,
absorbing.enterprises,available,70,3%,9,"Entertainment,Media,Technology",,,
acuminate.enterprises,available,70,1%,9,"Engineering,Medicine,Science",,,
miserable.enterprises,available,70,4%,9,Humanities,,,
gymnastic.enterprises,available,70,3%,9,"Entertainment,Sports",,,
accumbent.enterprises,available,70,1%,9,"Healthcare,Medicine,Science",,,
abradant.enterprises,available,70,1%,8,"Construction,Manufacturing",,,
skillful.enterprises,available,70,9%,8,"Education,Health and Fitness,Sports",,,
admired.enterprises,available,70,5%,7,"Business,Education,Healthcare",,,
adamantine.enterprises,available,70,4%,10,Religion,,,
stillborn.enterprises,available,70,2%,9,"Medicine,Science",,,
adjusted.enterprises,available,70,5%,8,"Manufacturing,Retail,Technology",,,
lowdown.enterprises,available,70,6%,8,"Entertainment,Media",,,
adored.enterprises,available,70,6%,6,"Entertainment,Fashion,Retail",,,
abulic.enterprises,available,70,1%,6,Medicine,,,
offhand.enterprises,available,70,2%,7,Entertainment,,,
practiced.enterprises,available,70,3%,9,"Education,Health and Fitness,Sports",,,
recumbent.enterprises,available,70,2%,9,"Healthcare,Medicine,Science",,,
scurvy.enterprises,available,68,3%,6,Humanities,,,
aberdonian.enterprises,available,68,1%,10,Geography,,,
sevener.enterprises,available,68,1%,7,Mathematics,,,
fortieth.enterprises,available,68,0%,8,Mathematics,,,
aculeate.enterprises,available,68,1%,8,"Engineering,Medicine,Science",,,
decorated.enterprises,available,68,3%,9,"Entertainment,Fashion,Retail",,,
achaean.enterprises,available,68,2%,7,Humanities,,,
activating.enterprises,available,68,3%,10,"Healthcare,Manufacturing,Technology",,,
vindicated.enterprises,available,68,2%,10,"Humanities,Law,Politics",,,
octonary.enterprises,available,68,1%,8,Mathematics,,,
accredited.enterprises,available,68,9%,10,"Business,Education,Healthcare",,,
fiftieth.enterprises,available,68,0%,8,Mathematics,,,
abducent.enterprises,available,68,0%,8,Medicine,,,
ane.enterprises,available,68,12%,3,Mathematics,,,
overseas.enterprises,available,68,12%,8,"Hospitality,Travel",,,
aroused.enterprises,available,68,3%,7,"Entertainment,Health and Fitness",,,
threesome.enterprises,available,68,5%,9,Entertainment,,,
disciple.enterprises,expiring,68,14%,8,"Education,Religion",12/09/2024 13:34,12/09/2025 13:34,"GoDaddy.com, LLC"
ablative.enterprises,available,68,3%,8,Science,,,
abnaki.enterprises,available,68,1%,6,Geography,,,
stygian.enterprises,available,68,5%,7,Humanities,,,
abkhas.enterprises,available,68,0%,6,Geography,,,
acerate.enterprises,available,68,1%,7,Science,,,
ennead.enterprises,available,68,5%,6,Mathematics,,,
licenced.enterprises,available,68,2%,8,"Business,Healthcare,Insurance",,,
foursome.enterprises,available,68,4%,8,Sports,,,
licensed.enterprises,available,68,5%,8,"Business,Healthcare,Insurance",,,
septenary.enterprises,available,68,1%,9,Mathematics,,,
achaian.enterprises,available,68,2%,7,Humanities,,,
thirtieth.enterprises,available,68,1%,9,Mathematics,,,
acappella.enterprises,available,66,6%,10,Entertainment,,,
exonerated.enterprises,available,66,2%,10,"Humanities,Law,Politics",,,
century.enterprises,available,66,17%,7,Education,,,
adopted.enterprises,available,66,4%,7,"Education,Healthcare",,,
acervate.enterprises,available,66,1%,8,Science,,,
xxii.enterprises,available,66,6%,4,Mathematics,,,
according.enterprises,available,66,3%,9,"Business,Education,Technology",,,
xxv.enterprises,available,66,6%,3,Mathematics,,,
six.enterprises,available,66,26%,3,Mathematics,,,
xxi.enterprises,available,66,10%,3,Mathematics,,,
clv.enterprises,available,66,10%,3,Mathematics,,,
performing.enterprises,available,66,6%,10,Entertainment,,,
eighty.enterprises,available,66,6%,6,Mathematics,,,
modish.enterprises,available,66,5%,6,Fashion,,,
acrobatic.enterprises,available,66,4%,9,"Entertainment,Sports",,,
adorned.enterprises,available,66,5%,7,"Entertainment,Fashion,Retail",,,
abstinent.enterprises,available,66,1%,9,"Health and Fitness,Religion",,,
xvii.enterprises,available,66,5%,4,Mathematics,,,
deuce.enterprises,available,66,9%,5,Sports,,,
xvi.enterprises,available,66,5%,3,Mathematics,,,
xii.enterprises,available,66,10%,3,Mathematics,,,
tenner.enterprises,available,66,5%,6,Finance,,,
onec.enterprises,available,66,6%,5,Mathematics,,,
xiii.enterprises,available,66,9%,4,Mathematics,,,
teenager.enterprises,available,66,4%,8,"Education,Entertainment,Healthcare",,,
latest.enterprises,available,66,18%,6,Technology,,,
fifty.enterprises,available,66,12%,5,Mathematics,,,
xviii.enterprises,available,66,5%,5,Mathematics,,,
five.enterprises,available,66,26%,4,Mathematics,,,
buzzing.enterprises,available,66,7%,7,"Entertainment,Media,Technology",,,
xxvi.enterprises,available,66,3%,4,Mathematics,,,
thirty.enterprises,available,66,8%,6,Mathematics,,,
ninety.enterprises,available,66,11%,6,Mathematics,,,
accessary.enterprises,available,66,1%,9,"Business,Law,Technology",,,
sextet.enterprises,available,66,1%,6,Entertainment,,,
deviant.enterprises,available,64,12%,7,"Medicine,Science",,,
scatty.enterprises,available,64,1%,6,"Arts,Entertainment,Media",,,
absolved.enterprises,available,64,1%,8,"Humanities,Law,Religion",,,
astringent.enterprises,available,64,1%,10,"Healthcare,Pharmaceuticals",,,
accordant.enterprises,available,64,3%,9,"Arts,Entertainment",,,
nondrinker.enterprises,available,64,1%,10,"Health and Fitness,Religion",,,
ccc.enterprises,expired,64,38%,3,Mathematics,26/06/2020 06:37,26/06/2025 06:37,"GoDaddy.com, LLC"
aflame.enterprises,available,64,3%,6,Entertainment,,,
acentric.enterprises,available,64,2%,8,Science,,,
rising.enterprises,available,64,18%,6,"Construction,Manufacturing,Real Estate",,,
adagio.enterprises,available,64,14%,6,Entertainment,,,
quartet.enterprises,available,62,7%,7,"Arts,Entertainment",,,
abo.enterprises,available,62,15%,3,Science,,,
accusing.enterprises,available,62,1%,8,Law,,,
fortyfour.enterprises,available,62,6%,10,Mathematics,,,
roughly.enterprises,available,62,3%,7,"Business,Media,Technology",,,
adoptive.enterprises,available,62,1%,8,"Education,Healthcare",,,
cumulative.enterprises,available,62,2%,10,"Banking,Finance,Insurance",,,
aufait.enterprises,available,62,3%,7,"Fashion,Media",,,
aborigine.enterprises,available,62,1%,9,Humanities,,,
activistic.enterprises,available,62,1%,10,"Humanities,Politics",,,
eighteenth.enterprises,available,62,1%,10,Mathematics,,,
playacting.enterprises,available,62,1%,10,Entertainment,,,
adjuvant.enterprises,available,62,5%,8,"Healthcare,Manufacturing,Technology",,,
sixteenth.enterprises,available,62,1%,9,Mathematics,,,
chiliad.enterprises,available,62,2%,7,Mathematics,,,
admissible.enterprises,available,62,1%,10,"Education,Healthcare,Law",,,
accrued.enterprises,available,62,2%,7,"Banking,Finance,Insurance",,,
twodozen.enterprises,available,62,1%,9,Mathematics,,,
longdozen.enterprises,available,62,2%,10,Mathematics,,,
eleventh.enterprises,available,62,5%,8,Mathematics,,,
orso.enterprises,available,62,9%,5,"Business,Media,Technology",,,
pungent.enterprises,available,62,1%,7,Food and Beverage,,,
wrapped.enterprises,available,62,13%,7,"Fashion,Hospitality,Retail",,,
ensuant.enterprises,available,62,1%,7,"Healthcare,Insurance,Transportation",,,
activation.enterprises,available,62,16%,10,"Healthcare,Manufacturing,Technology",,,
exculpated.enterprises,available,62,1%,10,"Humanities,Law,Politics",,,
troika.enterprises,available,62,8%,6,Politics,,,
nail.enterprises,available,62,16%,4,"Construction,Fashion,General,Retail",,,
acidic.enterprises,available,62,5%,6,"Food and Beverage,Science",,,
clxx.enterprises,available,60,3%,4,Mathematics,,,
annexal.enterprises,available,60,1%,7,"Agriculture,Manufacturing,Retail",,,
aboveboard.enterprises,available,60,5%,10,"Business,Law",,,
cautionary.enterprises,available,60,1%,10,"Business,Education,Healthcare",,,
idolised.enterprises,available,60,1%,8,"Entertainment,Fashion,Retail",,,
thou.enterprises,available,60,7%,4,Mathematics,,,
adnate.enterprises,available,60,1%,6,"Agriculture,Manufacturing,Retail",,,
octet.enterprises,available,60,12%,5,Arts,,,
xcl.enterprises,available,60,5%,3,Mathematics,,,
clxv.enterprises,available,60,1%,4,Mathematics,,,
cxx.enterprises,available,60,10%,3,Mathematics,,,
sixty.enterprises,available,60,13%,5,Mathematics,,,
paunchy.enterprises,available,60,0%,7,"Health and Fitness,Medicine",,,
cxxv.enterprises,available,60,1%,4,Mathematics,,,
eightysix.enterprises,available,60,7%,10,Mathematics,,,
clxxx.enterprises,available,60,1%,5,Mathematics,,,
clx.enterprises,available,60,10%,3,Mathematics,,,
cxv.enterprises,available,60,4%,3,Mathematics,,,
adnexal.enterprises,available,60,1%,7,"Agriculture,Manufacturing,Retail",,,
cxxxv.enterprises,available,60,2%,5,Mathematics,,,
cxlv.enterprises,available,60,2%,4,Mathematics,,,
abashed.enterprises,available,60,1%,7,Humanities,,,
abstemious.enterprises,available,60,0%,10,"Food and Beverage,Health and Fitness,Hospitality",,,
cxxx.enterprises,available,60,4%,4,Mathematics,,,
abstainer.enterprises,available,60,0%,9,"Health and Fitness,Religion",,,
clxxv.enterprises,available,60,1%,5,Mathematics,,,
cxl.enterprises,available,60,7%,3,Mathematics,,,
acceptive.enterprises,available,60,1%,9,"Education,Healthcare",,,
idolized.enterprises,available,60,3%,8,"Entertainment,Fashion,Retail",,,
tertiary.enterprises,available,60,4%,8,Education,,,
tercet.enterprises,available,59,2%,6,"Arts,Entertainment,Media",,,
justabout.enterprises,available,58,3%,10,"Business,Media,Technology",,,
closeto.enterprises,available,58,3%,8,"Business,Media,Technology",,,
twelfth.enterprises,available,58,2%,7,Mathematics,,,
alacarte.enterprises,available,58,11%,10,Food and Beverage,,,
offhanded.enterprises,available,58,1%,9,Entertainment,,,
abuzz.enterprises,available,58,5%,5,"Entertainment,Media,Technology",,,
niner.enterprises,available,58,5%,5,Mathematics,,,
accented.enterprises,available,58,3%,8,"Arts,Entertainment",,,
adjustive.enterprises,available,58,1%,9,"Manufacturing,Retail,Technology",,,
accretive.enterprises,available,58,6%,9,"Banking,Finance,Insurance",,,
seventy.enterprises,available,58,7%,7,Mathematics,,,
fourth.enterprises,available,58,13%,6,Mathematics,,,
ache.enterprises,available,58,7%,4,Healthcare,,,
lxxviii.enterprises,available,58,1%,7,Mathematics,,,
hexad.enterprises,available,58,4%,5,Mathematics,,,
abandoned.enterprises,available,58,10%,9,"Construction,Real Estate",,,
acetic.enterprises,available,58,1%,6,"Food and Beverage,Science",,,
fifth.enterprises,available,58,12%,5,Mathematics,,,
abused.enterprises,available,58,5%,6,"Healthcare,Law",,,
abridged.enterprises,available,58,4%,8,Media,,,
sixtyone.enterprises,available,58,3%,9,Mathematics,,,
sixer.enterprises,available,58,5%,5,Sports,,,
fourscore.enterprises,available,58,4%,9,Mathematics,,,
enwrapped.enterprises,available,58,0%,9,"Entertainment,Fashion,Media",,,
eighter.enterprises,available,58,2%,7,Mathematics,,,
cypher.enterprises,available,58,29%,6,Mathematics,,,
octad.enterprises,available,58,5%,5,Mathematics,,,
pentad.enterprises,available,58,2%,6,Mathematics,,,
adhoc.enterprises,available,58,24%,6,"Business,Engineering,Technology",,,
adient.enterprises,available,58,4%,6,"Medicine,Science",,,
addible.enterprises,available,58,2%,7,"Engineering,Mathematics,Science",,,
linear.enterprises,available,58,22%,6,"Engineering,Mathematics,Science",,,
addressed.enterprises,available,58,3%,9,"Business,Technology,Telecommunications",,,
heptad.enterprises,available,58,1%,6,Mathematics,,,
sextuplet.enterprises,available,58,1%,9,Healthcare,,,
acyclic.enterprises,available,58,4%,7,"Engineering,Mathematics,Science",,,
aucourant.enterprises,available,58,3%,10,"Fashion,Media",,,
accoutred.enterprises,available,58,1%,9,"Fashion,Manufacturing,Retail",,,
lxxx.enterprises,available,58,2%,4,Mathematics,,,
centesimal.enterprises,available,58,1%,10,Mathematics,,,
actuarial.enterprises,available,58,8%,9,"Finance,Insurance,Mathematics",,,
quintet.enterprises,available,58,8%,7,"Arts,Entertainment",,,
xxxiv.enterprises,available,56,1%,5,Mathematics,,,
fiftytwo.enterprises,available,56,6%,9,Mathematics,,,
xlvi.enterprises,available,56,3%,4,Mathematics,,,
halfdozen.enterprises,available,56,1%,10,Mathematics,,,
xliii.enterprises,available,56,1%,5,Mathematics,,,
lii.enterprises,available,56,7%,3,Mathematics,,,
fiftynine.enterprises,available,56,4%,10,Mathematics,,,
potbellied.enterprises,available,56,0%,10,"Health and Fitness,Medicine",,,
lvii.enterprises,available,56,1%,4,Mathematics,,,
maledict.enterprises,available,56,1%,8,Religion,,,
xxxv.enterprises,available,56,4%,4,Mathematics,,,
xlviii.enterprises,available,56,1%,6,Mathematics,,,
fortynine.enterprises,available,56,3%,10,Mathematics,,,
thirtysix.enterprises,available,56,5%,10,Mathematics,,,
xliv.enterprises,available,56,2%,4,Mathematics,,,
abeyant.enterprises,available,56,1%,7,"Business,Law",,,
accoutered.enterprises,available,56,0%,10,"Fashion,Manufacturing,Retail",,,
xxiv.enterprises,available,56,5%,4,Mathematics,,,
ilx.enterprises,available,56,5%,3,Mathematics,,,
xxxviii.enterprises,available,56,1%,7,Mathematics,,,
xxxvi.enterprises,available,56,1%,5,Mathematics,,,
xxxi.enterprises,available,56,9%,4,Mathematics,,,
fiftyfive.enterprises,available,56,7%,10,Mathematics,,,
xli.enterprises,available,56,5%,3,Mathematics,,,
xlv.enterprises,available,56,6%,3,Mathematics,,,
admissive.enterprises,available,56,1%,9,"Education,Healthcare,Hospitality",,,
admittible.enterprises,available,56,1%,10,"Education,Healthcare,Hospitality",,,
lviii.enterprises,available,56,1%,5,Mathematics,,,
thirtytwo.enterprises,available,56,5%,10,Mathematics,,,
fiftyfour.enterprises,available,56,3%,10,Mathematics,,,
admittable.enterprises,available,56,1%,10,"Education,Healthcare,Hospitality",,,
xxiii.enterprises,available,56,5%,5,Mathematics,,,
liii.enterprises,available,56,4%,4,Mathematics,,,
xxvii.enterprises,available,56,3%,5,Mathematics,,,
fiftyone.enterprises,available,56,7%,9,Mathematics,,,
aone.enterprises,available,56,15%,5,Food and Beverage,,,
xxxvii.enterprises,available,56,2%,6,Mathematics,,,
abdominous.enterprises,available,56,0%,10,"Health and Fitness,Medicine",,,
addled.enterprises,available,56,2%,6,Entertainment,,,
fortyone.enterprises,available,56,4%,9,Mathematics,,,
xlvii.enterprises,available,56,2%,5,Mathematics,,,
terzetto.enterprises,available,56,3%,8,Arts,,,
fortysix.enterprises,available,56,3%,9,Mathematics,,,
xxviii.enterprises,available,56,1%,6,Mathematics,,,
fiftysix.enterprises,available,56,4%,9,Mathematics,,,
lvi.enterprises,available,56,8%,3,Mathematics,,,
xlii.enterprises,available,56,5%,4,Mathematics,,,
appressed.enterprises,available,56,0%,9,"Agriculture,Manufacturing,Retail",,,
xxix.enterprises,available,56,4%,4,Mathematics,,,
xxxiii.enterprises,available,56,2%,6,Mathematics,,,
xxxii.enterprises,available,56,1%,5,Mathematics,,,
abducens.enterprises,available,54,1%,8,Medicine,,,
twoscore.enterprises,available,54,2%,8,Mathematics,,,
adducting.enterprises,available,54,1%,9,"Engineering,Mathematics,Science",,,
achy.enterprises,available,54,3%,4,Healthcare,,,
quaternity.enterprises,available,54,4%,10,Mathematics,,,
quaternion.enterprises,available,54,6%,10,Mathematics,,,
quatern.enterprises,available,54,2%,7,Mathematics,,,
abhorrent.enterprises,available,54,1%,9,Humanities,,,
vii.enterprises,available,54,13%,3,Mathematics,,,
accursed.enterprises,available,54,3%,8,"Entertainment,Media,Religion",,,
adductive.enterprises,available,54,0%,9,"Engineering,Mathematics,Science",,,
adpressed.enterprises,available,54,0%,9,"Agriculture,Manufacturing,Retail",,,
admonitory.enterprises,available,54,0%,10,"Business,Education,Healthcare",,,
scratchy.enterprises,available,54,3%,8,Fashion,,,
monitory.enterprises,available,54,3%,8,"Business,Education,Healthcare",,,
deserted.enterprises,available,54,3%,8,"Hospitality,Real Estate",,,
aboral.enterprises,available,54,2%,6,Science,,,
fortyfive.enterprises,available,54,4%,10,Mathematics,,,
acoustical.enterprises,available,54,4%,10,Science,,,
adjuratory.enterprises,available,54,0%,10,"Law,Politics,Religion",,,
quadruplet.enterprises,available,54,1%,10,"Healthcare,Medicine,Science",,,
achromatic.enterprises,available,54,4%,10,Science,,,
actuated.enterprises,available,54,2%,8,"Automotive,Manufacturing,Technology",,,
abatic.enterprises,available,54,1%,6,Science,,,
accentual.enterprises,available,54,3%,9,"Arts,Entertainment",,,
deuceace.enterprises,available,54,2%,9,Sports,,,
quintuplet.enterprises,available,54,1%,10,"Healthcare,Medicine,Science",,,
abaxial.enterprises,available,54,1%,7,Science,,,
abient.enterprises,available,54,1%,6,Science,,,
adaxial.enterprises,available,54,2%,7,Science,,,
viii.enterprises,available,54,6%,4,Mathematics,,,
fin.enterprises,available,54,30%,3,Finance,,,
abatable.enterprises,available,54,1%,8,Law,,,
threescore.enterprises,available,54,1%,10,Mathematics,,,
ternion.enterprises,available,54,3%,7,Mathematics,,,
abasic.enterprises,available,54,1%,6,Science,,,
adducent.enterprises,available,54,1%,8,"Engineering,Mathematics,Science",,,
sise.enterprises,available,54,5%,4,Mathematics,,,
unnatural.enterprises,available,54,4%,9,"Medicine,Science",,,
sestet.enterprises,available,53,1%,6,Arts,,,
septet.enterprises,available,53,1%,6,General,,,
xxx.enterprises,resell,53,30%,3,"Arts,Entertainment,Media",08/11/2022 14:28,08/11/2025 14:28,"Spaceship, Inc."
lxii.enterprises,available,52,1%,4,Mathematics,,,
ixc.enterprises,available,52,5%,3,Mathematics,,,
ninetytwo.enterprises,available,52,4%,10,Mathematics,,,
lxvii.enterprises,available,52,1%,5,Mathematics,,,
xci.enterprises,available,52,4%,3,Mathematics,,,
detestable.enterprises,available,52,1%,10,Humanities,,,
lxxiii.enterprises,available,52,1%,6,Mathematics,,,
lxxxvii.enterprises,available,52,1%,7,Mathematics,,,
xcvi.enterprises,available,52,2%,4,Mathematics,,,
lxxvi.enterprises,available,52,1%,5,Mathematics,,,
uphill.enterprises,available,52,7%,6,"Sports,Transportation,Travel",,,
lxxxi.enterprises,available,52,1%,5,Mathematics,,,
tierce.enterprises,available,52,3%,6,General,,,
eightytwo.enterprises,available,52,4%,10,Mathematics,,,
aboulic.enterprises,available,52,1%,7,Medicine,,,
xciv.enterprises,available,52,2%,4,Mathematics,,,
lxxxiii.enterprises,available,52,1%,7,Mathematics,,,
lxi.enterprises,available,52,5%,3,Mathematics,,,
lxxxiv.enterprises,available,52,1%,6,Mathematics,,,
xcii.enterprises,available,52,2%,4,Mathematics,,,
decumbent.enterprises,available,52,1%,9,"Healthcare,Medicine,Science",,,
littlejoe.enterprises,available,52,2%,10,"Entertainment,Media",,,
lxxxvi.enterprises,available,52,1%,6,Mathematics,,,
repugnant.enterprises,available,52,1%,9,Humanities,,,
lxxiv.enterprises,available,52,1%,5,Mathematics,,,
lxxvii.enterprises,available,52,2%,6,Mathematics,,,
odious.enterprises,available,52,2%,6,"Entertainment,Humanities",,,
lxv.enterprises,available,52,5%,3,Mathematics,,,
lxxv.enterprises,available,52,1%,4,Mathematics,,,
repulsive.enterprises,available,52,1%,9,Humanities,,,
abysmal.enterprises,available,52,4%,7,"Arts,Entertainment,Media",,,
sixtysix.enterprises,available,52,4%,9,Mathematics,,,
chagrined.enterprises,available,52,1%,9,Humanities,,,
eightyone.enterprises,available,52,3%,10,Mathematics,,,
ninetyone.enterprises,available,52,5%,10,Mathematics,,,
adenoidal.enterprises,available,52,1%,9,"Health and Fitness,Medicine,Science",,,
sixtyfour.enterprises,available,52,3%,10,Mathematics,,,
xcviii.enterprises,available,52,1%,6,Mathematics,,,
xciii.enterprises,available,52,1%,5,Mathematics,,,
lxxii.enterprises,available,52,1%,5,Mathematics,,,
abominable.enterprises,available,52,2%,10,"Entertainment,Humanities",,,
lxiii.enterprises,available,52,2%,5,Mathematics,,,
lxviii.enterprises,available,52,1%,6,Mathematics,,,
abusive.enterprises,available,52,3%,7,"Healthcare,Law",,,
xcvii.enterprises,available,52,1%,5,Mathematics,,,
lxxxii.enterprises,available,52,1%,6,Mathematics,,,
sixtytwo.enterprises,available,52,3%,9,Mathematics,,,
abstruse.enterprises,available,52,5%,8,"Humanities,Mathematics,Science",,,
lxiv.enterprises,available,52,3%,4,Mathematics,,,
lxvi.enterprises,available,52,3%,4,Mathematics,,,
ninetysix.enterprises,available,52,4%,10,Mathematics,,,
sixtyfive.enterprises,available,52,3%,10,Mathematics,,,
lxxi.enterprises,available,52,1%,4,Mathematics,,,
ablated.enterprises,available,52,1%,7,Science,,,
ixl.enterprises,available,52,9%,3,Mathematics,,,
lxxxv.enterprises,available,52,1%,5,Mathematics,,,
needlelike.enterprises,available,50,0%,10,"Engineering,Medicine,Science",,,
abactinal.enterprises,available,50,0%,9,Science,,,
broached.enterprises,available,50,0%,8,Food and Beverage,,,
gillless.enterprises,available,50,0%,9,Science,,,
acapnotic.enterprises,available,50,0%,9,"Healthcare,Medicine,Science",,,
acerbic.enterprises,available,50,2%,7,"Arts,Humanities,Media",,,
acellular.enterprises,available,50,1%,9,Science,,,
acquitted.enterprises,available,50,1%,9,Law,,,
ogdoad.enterprises,available,50,1%,6,Mathematics,,,
vinegary.enterprises,available,50,1%,8,Food and Beverage,,,
triplet.enterprises,available,50,8%,7,Science,,,
acetose.enterprises,available,50,1%,7,Science,,,
abdicable.enterprises,available,50,0%,9,Law,,,
quint.enterprises,available,50,13%,5,"Arts,Entertainment",,,
acetous.enterprises,available,50,1%,7,Science,,,
spinous.enterprises,available,50,1%,7,"Agriculture,Science",,,
cinque.enterprises,available,50,7%,6,Mathematics,,,
aculeated.enterprises,available,50,0%,9,"Engineering,Medicine,Science",,,
trine.enterprises,available,50,11%,5,"General,Religion",,,
scummy.enterprises,available,50,1%,6,Humanities,,,
adhominem.enterprises,available,50,2%,10,"Humanities,Law,Politics",,,
lxx.enterprises,available,50,5%,3,Mathematics,,,
abomasal.enterprises,available,50,0%,8,Agriculture,,,
abducting.enterprises,available,50,0%,9,Medicine,,,
acerb.enterprises,available,50,2%,5,Science,,,
acapnic.enterprises,available,50,0%,7,"Healthcare,Medicine,Science",,,
aborticide.enterprises,available,50,0%,10,Medicine,,,
abranchial.enterprises,available,50,0%,10,Science,,,
abbatial.enterprises,available,50,0%,8,Religion,,,
acaudal.enterprises,available,50,1%,7,"Agriculture,Science",,,
adactylous.enterprises,available,50,0%,10,Science,,,
acerose.enterprises,available,50,1%,7,Science,,,
abyssal.enterprises,available,48,12%,7,"Arts,Entertainment,Media",,,
ilxxx.enterprises,available,48,1%,5,Mathematics,,,
ilxx.enterprises,available,48,1%,4,Mathematics,,,
abstracted.enterprises,available,48,5%,10,"Arts,Humanities,Science",,,
apriori.enterprises,available,48,13%,8,Mathematics,,,
execrable.enterprises,available,48,0%,9,"Entertainment,Humanities",,,
lxxxviii.enterprises,available,48,1%,8,Mathematics,,,
notguilty.enterprises,available,48,5%,10,Law,,,
acanthous.enterprises,available,46,0%,9,"Agriculture,Science",,,
quaternary.enterprises,available,46,3%,10,Mathematics,,,
stemless.enterprises,available,46,2%,8,"Agriculture,Science",,,
acarpous.enterprises,available,46,0%,8,"Agriculture,Science",,,
acaudate.enterprises,available,46,1%,8,"Agriculture,Science",,,
acephalous.enterprises,available,46,1%,10,Science,,,
acheronian.enterprises,available,46,1%,10,Humanities,,,
acapnial.enterprises,available,46,0%,8,"Healthcare,Medicine,Science",,,
achenial.enterprises,available,46,1%,8,Science,,,
acetabular.enterprises,available,46,1%,10,Science,,,
cotyloid.enterprises,available,46,1%,8,Science,,,
acarpelous.enterprises,available,46,0%,10,"Agriculture,Science",,,
acetonic.enterprises,available,46,1%,8,Science,,,
acetylenic.enterprises,available,46,1%,10,Science,,,
theabsurd.enterprises,available,46,1%,10,"Arts,Entertainment,Media",,,
achromic.enterprises,available,46,2%,8,Science,,,
acicular.enterprises,available,46,2%,8,Science,,,
acetylic.enterprises,available,46,1%,8,Science,,,
acanthoid.enterprises,available,46,1%,9,"Agriculture,Science",,,
vinegarish.enterprises,available,46,1%,10,Food and Beverage,,,
acanthotic.enterprises,available,46,0%,10,"Agriculture,Science",,,
stripling.enterprises,available,46,2%,9,"Education,Entertainment,Healthcare",,,
achromous.enterprises,available,46,1%,9,Science,,,
acherontic.enterprises,available,44,1%,10,Humanities,,,
accusatory.enterprises,available,44,1%,10,Law,,,
cotyloidal.enterprises,available,44,1%,10,Science,,,
abscessed.enterprises,available,41,0%,9,Healthcare,,,
accurst.enterprises,available,40,1%,7,Religion,,,
scurrilous.enterprises,available,40,1%,10,"Entertainment,Media,Politics",,,
accusive.enterprises,available,40,1%,8,Law,,,